Rank,Release,Theaters,Total Gross,Release Date,Distributor
1,Avengers: Endgame,4662,858373000,4/26/2020,Disney
2,The Lion King,4802,543638043,7/19/2020,Disney
3,Toy Story 4,4575,434038008,6/21/2020,Disney
4,Frozen II,4440,477373578,11/22/2020,Disney
5,Captain Marvel,4310,426829839,3/8/2020,Disney
6,Star Wars: Episode IX - The Rise of Skywalker,4406,515202542,12/20/2020,Disney
7,Spider-Man: Far from Home,4634,390532085,7/2/2020,Sony Pictures Entertainment (SPE)
8,Aladdin,4476,355559216,5/24/2020,Disney
9,Joker,4374,335451311,10/4/2020,Warner Bros.
10,It Chapter Two,4570,211593228,9/6/2020,Warner Bros.
11,Jumanji: The Next Level,4227,316831246,12/13/2020,Sony Pictures Entertainment (SPE)
12,Us,3743,175084580,3/22/2020,Universal Pictures
13,Fast & Furious Presents: Hobbs & Shaw,4344,173956935,8/2/2020,Universal Pictures
14,John Wick: Chapter 3 - Parabellum,3850,171015687,5/17/2020,Lionsgate
15,How to Train Your Dragon: The Hidden World,4286,160799505,2/22/2020,Universal Pictures
16,The Secret Life of Pets 2,4564,158874395,6/7/2020,Universal Pictures
17,Pokémon Detective Pikachu,4248,144105346,5/10/2020,Warner Bros.
18,Once Upon a Time... In Hollywood,3659,142502728,7/26/2020,Sony Pictures Entertainment (SPE)
19,Shazam!,4306,140371656,4/5/2020,Warner Bros.
20,Aquaman,4184,335061807,12/21/2020,Warner Bros.
21,Knives Out,3461,165363234,11/27/2020,Lionsgate
22,Dumbo,4259,114766307,3/29/2020,Disney
23,Maleficent: Mistress of Evil,3820,113929605,10/18/2020,Disney
24,Glass,3844,111048468,1/18/2020,Universal Pictures
25,Godzilla: King of the Monsters,4108,110500138,5/31/2020,Warner Bros.
26,The Upside,3568,108252517,1/11/2020,STX Entertainment
27,Ford v Ferrari,3746,117624357,11/15/2020,Twentieth Century Fox
28,The LEGO Movie 2: The Second Part,4303,105806508,2/8/2020,Warner Bros.
29,Hustlers,3525,104963598,9/13/2020,STX Entertainment
30,The Addams Family,4107,100044905,10/11/2020,United Artists Releasing
31,Downton Abbey,3548,96854135,9/20/2020,Focus Features
32,Rocketman,3610,96368160,5/31/2020,Paramount Pictures
33,Alita: Battle Angel,3802,85710210,2/14/2020,Twentieth Century Fox
34,Good Boys,3458,83140306,8/16/2020,Universal Pictures
35,Spider-Man: Into the Spider-Verse,3813,190241310,12/14/2020,Sony Pictures Entertainment (SPE)
36,Men in Black: International,4224,80001807,6/14/2020,Sony Pictures Entertainment (SPE)
37,Annabelle Comes Home,3613,74152591,6/26/2020,Warner Bros.
38,Yesterday,2755,73286650,6/28/2020,Universal Pictures
39,Tyler Perry's a Madea Family Funeral,2442,73257045,3/1/2020,Lionsgate
40,Zombieland: Double Tap,3468,73123082,10/18/2020,Sony Pictures Entertainment (SPE)
41,Angel Has Fallen,3336,69030436,8/23/2020,Lionsgate
42,Scary Stories to Tell in the Dark,3135,68947075,8/9/2020,Lionsgate
43,Mary Poppins Returns,4090,171958438,12/19/2020,Disney
44,X-Men: Dark Phoenix,3721,65845974,6/7/2020,Twentieth Century Fox
45,Terminator: Dark Fate,4086,62253077,11/1/2020,Paramount Pictures
46,Abominable,4248,60716390,9/27/2020,Universal Pictures
47,Dora and the Lost City of Gold,3735,60477943,8/9/2020,Paramount Pictures
48,Escape Room,2717,57005601,1/4/2020,Sony Pictures Entertainment (SPE)
49,A Beautiful Day in the Neighborhood,3491,61704055,11/22/2020,Sony Pictures Entertainment (SPE)
50,Midway,3242,56846802,11/8/2020,Lionsgate
51,Bumblebee,3597,127195589,12/21/2020,Paramount Pictures
52,The Curse of La Llorona,3372,54733739,4/19/2020,Warner Bros.
53,Pet Sematary,3585,54724696,4/5/2020,Paramount Pictures
54,What Men Want,2912,54611903,2/8/2020,Paramount Pictures
55,Green Book,2648,85080171,11/16/2020,Universal Pictures
56,Ad Astra,3460,50188370,9/20/2020,Twentieth Century Fox
57,Isn't It Romantic,3444,48791187,2/13/2020,Warner Bros.
58,Gemini Man,3642,48546770,10/11/2020,Paramount Pictures
59,Ma,2816,45896028,5/31/2020,Universal Pictures
60,Five Feet Apart,2866,45729221,3/15/2020,Lionsgate
61,Wonder Park,3838,45216793,3/15/2020,Paramount Pictures
62,Rambo: Last Blood,3618,44819352,9/20/2020,Lionsgate
63,Playing with Fire,3185,44451847,11/8/2020,Paramount Pictures
64,Harriet,2186,43082155,11/1/2020,Focus Features
65,A Dog's Way Home,3090,42004346,1/11/2020,Sony Pictures Entertainment (SPE)
66,The Angry Birds Movie 2,3869,41667116,8/13/2020,Sony Pictures Entertainment (SPE)
67,Little,2667,40860481,4/12/2020,Universal Pictures
68,Queen & Slim,1715,43808310,11/27/2020,Universal Pictures
69,Breakthrough,2913,40713082,4/17/2020,Twentieth Century Fox
70,The Mule,3329,103804407,12/14/2020,Warner Bros.
71,Crawl,3170,39014193,7/12/2020,Paramount Pictures
72,Little Women,3308,108101214,12/25/2020,Sony Pictures Entertainment (SPE)
73,The Intruder,2231,35419122,5/3/2020,Screen Gems
74,The Hustle,3077,35417038,5/10/2020,United Artists Releasing
75,Last Christmas,3454,35150750,11/8/2020,Universal Pictures
76,Overcomer,2293,34746945,8/23/2020,Affirm Films
77,Cold Pursuit,2630,32138862,2/8/2020,Lionsgate
78,Doctor Sleep,3855,31581712,11/8/2020,Warner Bros.
79,Dragon Ball Super: Broly,1267,30712119,1/16/2020,FUNimation Entertainment
80,Long Shot,3230,30316271,5/3/2020,Lionsgate
81,Spies in Disguise,3502,66757013,12/25/2020,Twentieth Century Fox
82,Child's Play,3007,29208403,6/21/2020,United Artists Releasing
83,Ready or Not,2998,28714231,8/21/2020,Fox Searchlight Pictures
84,Happy Death Day 2U,3212,28148130,2/13/2020,Universal Pictures
85,Vice,2534,47836282,12/25/2020,Annapurna Pictures
86,21 Bridges,2665,28539757,11/22/2020,STX Entertainment
87,Midsommar,2707,27426361,7/3/2020,A24
88,Bohemian Rhapsody,4000,216428042,11/2/2020,Twentieth Century Fox
89,The Art of Racing in the Rain,2765,26395642,8/9/2020,Twentieth Century Fox
90,Countdown,2675,25621766,10/25/2020,STX Entertainment
91,Uncut Gems,2686,50023780,12/13/2020,A24
92,Judy,1627,24313888,9/27/2020,Roadside Attractions
93,Ralph Breaks the Internet,4017,201091711,11/21/2020,Disney
94,Fighting with My Family,2855,22958886,2/14/2020,Metro-Goldwyn-Mayer (MGM)
95,On the Basis of Sex,1957,24622687,12/25/2020,Focus Features
96,A Dog's Journey,3279,22782371,5/17/2020,Universal Pictures
97,Booksmart,2518,22680962,5/24/2020,United Artists Releasing
98,Parasite,2001,53369749,10/11/2020,Neon
99,Stuber,3050,22370452,7/12/2020,Twentieth Century Fox
100,47 Meters Down: Uncaged,2883,22260900,8/16/2020,Entertainment Studios Motion Pictures
101,Black and Blue,2062,22055313,10/25/2020,Screen Gems
102,Hellboy,3303,21903748,4/12/2020,Lionsgate
103,Shaft,2952,21360215,6/14/2020,Warner Bros.
104,Jojo Rabbit,1173,33370906,10/18/2020,Fox Searchlight Pictures
105,The Peanut Butter Falcon,1490,20457151,8/9/2020,Roadside Attractions
106,UglyDolls,3652,20150241,5/3/2020,STX Entertainment
107,Cats,3380,27166770,12/20/2020,Universal Pictures
108,Unplanned,1516,19005109,3/29/2020,Pure Flix Entertainment
109,The Favourite,1554,34366783,11/23/2020,Fox Searchlight Pictures
110,Bombshell,1721,31762808,12/13/2020,Lionsgate
111,Richard Jewell,2502,22345542,12/13/2020,Warner Bros.
112,Charlie's Angels,3452,17803077,11/15/2020,Sony Pictures Entertainment (SPE)
113,The Farewell,891,17695781,7/12/2020,A24
114,Brightburn,2607,17300439,5/24/2020,Screen Gems
115,The Good Liar,2454,17156058,11/15/2020,Warner Bros.
116,The Kid Who Would Be King,3528,16790790,1/25/2020,Twentieth Century Fox
117,Missing Link,3437,16649539,4/12/2020,United Artists Releasing
118,Second Act,2607,39282227,12/21/2020,STX Entertainment
119,Late Night,2220,15499454,6/7/2020,Amazon Studios
120,Miss Bala,2203,15006824,2/1/2020,Sony Pictures Entertainment (SPE)
121,The Prodigy,2530,14856291,2/8/2020,Orion Pictures
122,A Star Is Born,3904,215288866,10/5/2020,Warner Bros.
123,Poms,2750,13631124,5/10/2020,STX Entertainment
124,If Beale Street Could Talk,1018,14915773,12/14/2020,Annapurna Pictures
125,They Shall Not Grow Old,1335,17956913,12/17/2020,Warner Bros.
126,The Kitchen,2745,12180032,8/9/2020,Warner Bros.
127,After,2138,12138565,4/12/2020,Aviron Pictures
128,Blinded by the Light,2307,11901145,8/16/2020,Warner Bros.
129,The Lighthouse,978,10867104,10/18/2020,A24
130,Dark Waters,2112,11136084,11/22/2020,Focus Features
131,Greta,2417,10532219,3/1/2020,Focus Features
132,The Best of Enemies,1705,10205616,4/5/2020,STX Entertainment
133,Black Christmas,2625,10429730,12/13/2020,Universal Pictures
134,Hotel Mumbai,930,9651611,3/22/2020,Bleecker Street Media
135,Holmes & Watson,2780,30573626,12/25/2020,Sony Pictures Entertainment (SPE)
136,Motherless Brooklyn,1342,9277736,11/1/2020,Warner Bros.
137,No Manches Frida 2,472,9270920,3/15/2020,Pantelion Films
138,"Where'd You Go, Bernadette",2404,9198356,8/16/2020,United Artists Releasing
139,Apollo 11,588,9039891,3/1/2020,Neon
140,Serenity,2561,8547045,1/25/2020,Aviron Pictures
141,Anna,2114,7743794,6/21/2020,Lionsgate
142,Penguins,1815,7699452,4/17/2020,-
143,Brittany Runs a Marathon,1033,7189808,8/23/2020,Amazon Studios
144,Mary Queen of Scots,1052,16468499,12/7/2020,Focus Features
145,The Dead Don't Die,690,6563605,6/14/2020,Focus Features
146,Jexi,2332,6546159,10/11/2020,Lionsgate
147,Run the Race,1075,6424420,2/22/2020,Roadside Attractions
148,Free Solo,483,17541090,9/28/2020,National Geographic Entertainment
149,The Current War: Director's Cut,1082,5979540,10/25/2020,101 Studios
150,Captive State,2549,5958315,3/15/2020,Focus Features
151,The Wandering Earth,129,5971413,2/5/2020,CMC Pictures
152,Arctic Dogs,2844,5801249,11/1/2020,Entertainment Studios Motion Pictures
153,Gloria Bell,1127,5611123,3/8/2020,A24
154,Gully Boy,270,5566534,2/14/2020,Viva Pictures
155,Stan & Ollie,754,5470235,12/28/2020,Sony Pictures Classics
156,The Goldfinch,2542,5332621,9/13/2020,Warner Bros.
157,Don't Let Go,922,5215062,8/30/2020,-
158,The Mustang,527,5043620,3/15/2020,Focus Features
159,The Sun Is also a Star,2073,4950029,5/17/2020,Warner Bros.
160,Bring the Soul: The Movie,873,4809800,8/7/2020,Trafalgar Releasing
161,Pavarotti,288,4600249,6/7/2020,CBS Films
162,Tolkien,1501,4535154,5/10/2020,Fox Searchlight Pictures
163,The Last Black Man in San Francisco,207,4515719,6/7/2020,A24
164,War,305,4654000,10/2/2020,Yash Raj Films
165,Cold War2018 Re-release,270,4580048,12/21/2020,Amazon Studios
166,Menteur,89,4697364,7/12/2020,Entertainment One
167,Brian Banks,1240,4376819,8/9/2020,Bleecker Street Media
168,The Biggest Little Farm,285,4366949,5/10/2020,Neon
169,Dr. Seuss' the Grinch,4141,270620950,11/9/2020,Universal Pictures
170,Amazing Grace,263,4450456,12/7/2020,Neon
171,Linda Ronstadt: The Sound of My Voice,247,4252657,9/6/2020,Greenwich Entertainment
172,Uri: The Surgical Strike,132,4186168,1/11/2020,-
173,Replicas,2329,4046429,1/11/2020,Entertainment Studios Motion Pictures
174,Pain and Glory,266,4567338,10/4/2020,Sony Pictures Classics
175,Ne Zha,135,3695533,8/29/2020,Well Go USA Entertainment
176,Mission Mangal,263,3659413,8/15/2020,FIP
177,The Oscar Nominated Short Films 2019: Documentary,415,3531094,2/8/2020,Shorts International
178,BTS World Tour: Love Yourself in Seoul,997,3509917,1/26/2020,Fathom Events
179,The Beach Bum,1100,3502600,3/29/2020,Neon
180,Echo in the Canyon,147,3355324,5/24/2020,Greenwich Entertainment
181,Creed II,3752,115715889,11/21/2020,Metro-Goldwyn-Mayer (MGM)
182,Jay and Silent Bob Reboot,788,4589490,10/15/2020,Saban Films
183,Maiden,180,3168978,6/28/2020,Sony Pictures Classics
184,Simmba,301,5102129,12/28/2020,Reliance Big Pictures
185,Bharat,311,2971549,6/5/2020,Viva Pictures
186,Honey Boy,460,3012615,11/8/2020,Amazon Studios
187,Friends 25th: The One With The Anniversary,1586,2884827,9/23/2020,Fathom Events
188,Saaho,381,2872057,8/29/2020,Yash Raj Films
189,Fantastic Beasts: The Crimes of Grindelwald,4163,159555901,11/16/2020,Warner Bros.
190,Kalank,320,2729336,4/17/2020,FIP
191,Tod@s Caen,371,2670925,8/30/2020,Pantelion Films
192,Everybody Knows,283,2660165,2/8/2020,Focus Features
193,Instant Family,3426,67363237,11/16/2020,Paramount Pictures
194,The Art of Self-Defense,550,2410914,7/12/2020,Bleecker Street Media
195,Arctic2019 Re-release,268,2410795,2/1/2020,Bleecker Street Media
196,Welcome to Marwen,1911,10763520,12/21/2020,Universal Pictures
197,"My People, My Country",83,2356683,10/1/2020,CMC Pictures
198,Promare,701,2313596,9/17/2020,GKIDS
199,Super 30,317,2269878,7/12/2020,Reliance Big Pictures
200,Faustina: Love and Mercy,810,2243180,10/28/2020,Fathom Events
201,Gone with the Wind2019 Re-release,717,2176120,2/28/2020,Fathom Events
202,3 from Hell,667,2172949,9/16/2020,Saban Films
203,Total Dhamaal,209,2167632,2/22/2020,FIP
204,Housefull 4,315,2109160,10/25/2020,FIP
205,Shoplifters,144,3313513,11/23/2020,Magnolia Pictures
206,The Wizard of Oz2019 Re-release,681,2076020,1/27/2020,Fathom Events
207,Luce,235,2010613,8/2/2020,Neon
208,Chhichhore,195,2004400,9/6/2020,FIP
209,Official Secrets,485,1988546,8/30/2020,IFC Films
210,Better Days,88,1921657,11/8/2020,Well Go USA Entertainment
211,Badla,115,1861000,3/8/2020,Reliance Big Pictures
212,The White Crow,365,1828784,4/26/2020,Sony Pictures Classics
213,Ben Is Back,598,3703184,12/7/2020,Roadside Attractions
214,Pandas,35,7574012,4/6/2020,Warner Bros.
215,The Other Side of Heaven 2: Fire of Faith,205,1807216,6/28/2020,ArtAffects Entertainment
216,Ip Man 4: The Finale,125,3956031,12/25/2020,Well Go USA Entertainment
217,Wild Rose,195,1635117,6/21/2020,Neon
218,The Aftermath,344,1618497,3/15/2020,Fox Searchlight Pictures
219,Made for More,703,2999134,8/2/2020,Fathom Events
220,Red Joan,195,1579730,4/19/2020,IFC Films
221,After the Wedding,428,1574258,8/9/2020,Sony Pictures Classics
222,Extreme Job,26,1565885,1/25/2020,CJ Entertainment
223,Waves,570,1658790,11/15/2020,A24
224,Qué León,86,2607916,11/29/2020,Spanglish Movies
225,Capernaum,136,1661096,12/14/2020,Sony Pictures Classics
226,The Kid,268,1508593,3/8/2020,Lionsgate
227,Kinky Boots the Musical,492,900451,6/25/2020,Fathom Events
228,Destroyer,235,1533324,12/25/2020,Annapurna Pictures
229,The Wife,541,9601092,8/17/2020,Sony Pictures Classics
230,El Chicano,605,1400603,5/3/2020,-
231,Fantastic Fungi,37,1788322,9/20/2020,Area 23a
232,1917,3987,159227644,12/25/2020,Universal Pictures
233,Spirited Away2019 Re-release,768,1322927,10/27/2020,Fathom Events
234,Never Look Away,122,1304042,11/30/2020,Sony Pictures Classics
235,Pilgrim's Progress,758,1294596,4/18/2020,Fathom Events
236,Can You Ever Forgive Me?,555,8803865,10/19/2020,Fox Searchlight Pictures
237,Asterix: The Secret of the Magic Potion,76,1271953,2/15/2020,Entertainment One
238,Metallica & San Francisco Symphony - S&M2,655,1252385,10/9/2020,Trafalgar Releasing
239,BTS World Tour 'Love Yourself: Speak Yourself' (The Final) Seoul Live Viewing,490,1226552,10/27/2020,Fathom Events
240,High Life,146,1225852,4/5/2020,A24
241,All Is True,328,1200481,5/10/2020,Sony Pictures Classics
242,Kingdom Men Rising,705,1188936,4/29/2020,Fathom Events
243,Los Domirriqueños 2,82,1187280,3/14/2020,Spanglish Movies
244,Ek Ladki Ko Dekha Toh Aisa Laga,193,1182636,2/1/2020,FIP
245,No Safe Spaces,200,1291514,10/25/2020,Atlas Distribution Company
246,Nothing to Lose 2,105,1150551,9/27/2020,-
247,Western Stars,553,1581681,10/25/2020,Warner Bros.
248,Konosuba!: God's Blessing on This Wonderful World! - Legend of Crimson,692,1134786,11/12/2020,Fathom Events
249,My Neighbor Totoro2019 Re-release,767,1105564,8/25/2020,Fathom Events
250,Playmobil: The Movie,2337,1115008,12/6/2020,STX Entertainment
251,Mortal Engines,3103,15951040,12/14/2020,Universal Pictures
252,Bennett's War,970,1056416,8/30/2020,-
253,Princess Mononoke2019 Re-release,752,1046446,11/17/2020,Fathom Events
254,Luka Chuppi,139,1042905,3/1/2020,Viva Pictures
255,The Souvenir,145,1036737,5/17/2020,A24
256,Noah,669,1035603,4/9/2020,Fathom Events
257,El Coyote,297,1101470,10/4/2020,-
258,Perfect Strangers,132,1014507,1/11/2020,Pantelion Films
259,Marianne & Leonard: Words of Love,101,1012034,7/5/2020,Roadside Attractions
260,Kiki's Delivery Service2019 Re-release,753,1004057,7/28/2020,Fathom Events
261,BlacKkKlansman,1914,49275340,8/10/2020,Focus Features
262,Jesus Is King,372,973000,10/25/2020,IMAX
263,Rush: Cinema Strangiato 2019,494,960073,8/21/2020,Trafalgar Releasing
264,The Fighting Preacher,37,954641,7/24/2020,Purdie Distribution
265,Toni Morrison: The Pieces I Am,78,903018,6/21/2020,Magnolia Pictures
266,A Hidden Life,151,1730597,12/13/2020,Fox Searchlight Pictures
267,Between Me and My Mind,488,875191,7/17/2020,Trafalgar Releasing
268,Howl's Moving Castle2019 Re-release,748,865647,4/7/2020,Fathom Events
269,Pati Patni Aur Woh,130,874044,12/6/2020,Eros International
270,Steel Magnolias2019 Re-release,689,855421,5/19/2020,Fathom Events
271,Woman at War,66,847495,3/1/2020,Magnolia Pictures
272,Alien2019 Re-release,682,833658,10/13/2020,Fathom Events
273,Climax,217,817339,3/1/2020,A24
274,Transit,72,815290,3/1/2020,Music Box Films
275,One Piece: Stampede,541,1298528,10/24/2020,FUNimation Entertainment
276,Chonda Pierce: Unashamed,783,787979,5/7/2020,Fathom Events
277,Student of the Year 2,190,778566,5/10/2020,FIP
278,The Church,252,772000,5/24/2020,Indican Pictures
279,Patterns of Evidence: Moses Controversy,896,765361,3/14/2020,Fathom Events
280,I Love Lucy: A Colorized Celebration,634,754323,8/6/2020,Fathom Events
281,Joni 75: A Birthday Celebration,405,752205,2/7/2020,Trafalgar Releasing
282,The Game Changers,610,739711,9/16/2020,Fathom Events
283,David Crosby: Remember My Name,67,732793,7/19/2020,Sony Pictures Classics
284,More Than Blue,40,722669,3/15/2020,China Lion Film Distribution
285,Honeyland,56,815082,7/26/2020,Neon
286,Where's My Roy Cohn?,66,705274,9/20/2020,Sony Pictures Classics
287,Non-Fiction,89,704919,5/3/2020,IFC Films
288,The Captain,47,706572,10/18/2020,Well Go USA Entertainment
289,Raise Hell: The Life & Times of Molly Ivins,42,694410,8/30/2020,Magnolia Pictures
290,Spirits in the Forest,388,704744,11/21/2020,Trafalgar Releasing
291,The Sky Is Pink,194,652592,10/11/2020,-
292,Racetime,86,1875283,12/7/2020,Entertainment One
293,Dirty Dancing2019 Re-release,650,622968,2/10/2020,Fathom Events
294,American Masters: Miles Davis: Birth of the Cool,31,614201,8/23/2020,Abramorama
295,Roger Waters - Us + Them,497,611644,10/2/2020,Trafalgar Releasing
296,The Muppet Movie2019 Re-release,727,610475,7/25/2020,Fathom Events
297,The White Storm 2: Drug Lords,54,609461,7/12/2020,CMC Pictures
298,The Least of These: The Graham Staines Story,625,607015,1/31/2020,Fathom Events
299,The Chaperone,128,600654,3/28/2020,PBS Distribution
300,Furie,27,594788,3/1/2020,Well Go USA Entertainment
301,To Kill a Mockingbird2019 Re-release,668,592237,3/24/2020,Fathom Events
302,Bethany Hamilton: Unstoppable,205,590671,7/12/2020,Entertainment Studios Motion Pictures
303,The Public,263,573503,4/5/2020,Greenwich Entertainment
304,My Fair Lady2019 Re-release,652,560711,2/17/2020,Fathom Events
305,Fiddler: A Miracle of Miracles,77,549386,8/23/2020,Roadside Attractions
306,Everybody's Everything,121,547207,11/12/2020,Gunpowder & Sky
307,"DCI 2019: Big, Loud & Live 16",513,546060,8/8/2020,Fathom Events
308,La femme de mon frère,30,539524,6/7/2020,Entertainment One
309,Grateful Dead Meet-Up 2019,503,537153,8/1/2020,Trafalgar Releasing
310,Code Geass: Lelouch of the Re;Surrection2019 Re-release,490,522805,5/5/2020,FUNimation Entertainment
311,Shadow,53,521396,5/3/2020,Well Go USA Entertainment
312,Long Day's Journey Into Night,24,521365,4/12/2020,Kino Lorber
313,The Spy Behind Home Plate,31,519525,5/24/2020,Ciesla Foundation
314,Wild Nights with Emily,78,519487,4/12/2020,Greenwich Entertainment
315,Saving Private Ryan2019 Re-release,642,508694,6/2/2020,Fathom Events
316,Birds of Passage,97,507259,2/13/2020,The Orchard
317,Tel Aviv on Fire,37,506145,8/2/2020,Cohen Media Group
318,Widows,2803,42402632,11/16/2020,Twentieth Century Fox
319,Whisper of the Heart2019 Re-release,745,498156,7/1/2020,Fathom Events
320,Nausicaä of the Valley of the Wind2019 Re-release,751,495770,5/20/2020,Fathom Events
321,Crazy Rich Asians,3865,174532921,8/15/2020,Warner Bros.
322,Batla House,81,493180,8/15/2020,Viva Pictures
323,The Climbers,102,487157,9/30/2020,Well Go USA Entertainment
324,The Russian Five,44,485049,3/21/2020,-
325,The Great Alaskan Race,447,485603,10/25/2020,-
326,Exit,19,470699,8/2/2020,CJ Entertainment
327,Lawrence of Arabia2019 Re-release,661,482281,9/1/2020,Fathom Events
328,CatVideoFest,103,470923,2/15/2020,Oscilloscope
329,Panipat,175,461863,12/6/2020,Reliance Entertainment
330,Christmas Jars,789,459462,11/4/2020,Fathom Events
331,Gorillaz: Reject False Icons,284,453687,12/16/2020,Trafalgar Releasing
332,Cruel Intentions2019 Re-release,708,445218,3/22/2020,Sony Pictures Entertainment (SPE)
333,Teen Spirit,696,441366,4/12/2020,Bleecker Street Media
334,At Eternity's Gate,178,2294915,11/16/2020,CBS Films
335,Merci pour tout,76,1073969,12/25/2020,-
336,Les Misérables: The Staged Concert,488,459478,12/6/2020,Trafalgar Releasing
337,De De Pyaar De,104,425934,5/17/2020,Yash Raj Films
338,Hail Satan?,67,424284,4/17/2020,Magnolia Pictures
339,Ben-Hur2019 Re-release,649,422622,4/14/2020,Fathom Events
340,Killing Sarai,160,425332,12/6/2020,Pantelion Films
341,Fate/stay night [Heaven's Feel] II. lost butterfly,515,420595,3/14/2020,Fathom Events
342,Ash Is Purest White,49,422814,3/15/2020,Cohen Media Group
343,The Cold Blue,702,420177,5/23/2020,Fathom Events
344,The Reliant,722,408747,10/24/2020,Fathom Events
345,The Invisibles,19,407373,1/25/2020,Greenwich Entertainment
346,Monos,50,406473,9/13/2020,Neon
347,Meet Me in St. Louis75th Anniversary,679,403521,12/8/2020,Fathom Events
348,"Hello, Dolly!",669,400881,8/11/2020,Fathom Events
349,The Nightingale,79,400209,8/2/2020,IFC Films
350,Mia and the White Lion,312,399471,4/12/2020,-
351,The Man Who Killed Don Quixote,756,391963,4/10/2020,Screen Media Films
352,The Wedding Guest,96,386166,3/1/2020,IFC Films
353,The Secret World of Arrietty2019 Re-release,750,384289,9/29/2020,Fathom Events
354,What We Left Behind: Star Trek DS9,795,382457,5/13/2020,Fathom Events
355,The Cure: Anniversary 1978-2018 Live in Hyde Park,346,378405,7/11/2020,Trafalgar Releasing
356,The Hummingbird Project,232,371784,3/15/2020,The Orchard
357,Ghostbusters2019 Re-release,546,369612,10/6/2020,Fathom Events
358,Matthias & Maxime,53,374739,10/9/2020,Entertainment One
359,The Shawshank Redemption2019 Re-release,669,358507,9/22/2020,Fathom Events
360,The Tomorrow Man,207,354103,5/22/2020,Bleecker Street Media
361,Star Trek: The Motion Picture2019 Re-release,627,346243,9/15/2020,Fathom Events
362,Photograph,123,344534,5/17/2020,Amazon Studios
363,Diane,64,336166,3/29/2020,IFC Films
364,Millennium Actress2019 Re-release,512,225250,8/13/2020,Fathom Events
365,A Silent Voice: The Movie2019 Re-release,581,333984,1/28/2020,Fathom Events
366,The Big Fight Live: IBF Welterweight Title: Errol Spence Jr. vs. Mikey Garcia,288,328979,3/16/2020,Fathom Events
367,P Storm,30,326711,4/4/2020,CMC Pictures
368,National Theatre Live: Fleabag,399,326283,11/18/2020,Fathom Events
369,Sword of Trust,78,322421,7/12/2020,IFC Films
370,Lucy in the Sky,231,319976,10/4/2020,Fox Searchlight Pictures
371,You Are Here: A Come From Away Story,781,318885,9/11/2020,Fathom Events
372,Josh Groban Bridges Live from Madison Square Garden,390,315173,2/8/2020,Trafalgar Releasing
373,Bolshoi Ballet: The Sleeping Beauty,355,311368,3/10/2020,Fathom Events
374,DanTDM Presents The Contest,684,307484,11/2/2020,Fathom Events
375,K-12,81,303230,9/5/2020,Abramorama
376,Aquarela,69,307346,8/16/2020,Sony Pictures Classics
377,Ask Dr. Ruth,110,297195,5/3/2020,Magnolia Pictures
378,Line Walker 2: Invisible Spy,17,296751,8/16/2020,Well Go USA Entertainment
379,Junglee,70,295784,3/29/2020,Viva Pictures
380,The Giant Spider Invasion,685,293053,8/15/2020,Fathom Events
381,Stockholm,122,292590,4/12/2020,-
382,The Godfather: Part II45th Anniversary,681,291754,11/10/2020,Fathom Events
383,Killerman,322,291477,8/30/2020,Blue Fox Entertainment
384,The Bravest,150,290217,8/9/2020,Sony Pictures Entertainment (SPE)
385,Saga of Tanya the Evil - The Movie,518,288460,5/16/2020,Fathom Events
386,Khalid: Free Spirit,382,284229,4/3/2020,Trafalgar Releasing
387,Mike Wallace Is Here,39,281245,7/26/2020,Magnolia Pictures
388,The Whistleblower,133,280851,12/6/2020,CMC Pictures Holdings
389,Octaman,668,280710,4/18/2020,Fathom Events
390,The Nutcracker and the Four Realms,3766,54858851,11/2/2020,-
391,I Want to Eat Your Pancreas,427,277019,2/7/2020,Fathom Events
392,Freaks,111,276591,9/13/2020,Well Go USA Entertainment
393,True Grit2019 Re-release,614,276418,5/5/2020,Fathom Events
394,The Tale of The Princess Kaguya2019 Re-release,737,271681,12/16/2020,Fathom Events
395,Shakira in Concert: El Dorado World Tour,500,271586,11/13/2020,Trafalgar Releasing
396,Is It Wrong to Try to Pick Up Girls in a Dungeon - Arrow of the Orion,614,271489,7/23/2020,Fathom Events
397,One Child Nation,36,270128,8/9/2020,Amazon Studios
398,Just Mercy,2457,36001502,12/25/2020,Warner Bros.
399,Slayer: The Repentless Killogy,494,268727,11/6/2020,Trafalgar Releasing
400,Luzia: Cirque du Soleil in Cinema,784,265673,10/29/2020,Fathom Events
401,Out of Liberty,36,265279,9/13/2020,Purdie Distribution
402,Modest Heroes,370,178027,1/10/2020,Fathom Events
403,Smallfoot,4131,83240103,9/28/2020,Warner Bros.
404,Star Raiders: The Adventures of Saber Raine,665,260234,6/6/2020,Fathom Events
405,Mobile Suit Gundam Narrative,449,259224,2/19/2020,Fathom Events
406,Her Smell,69,255599,4/12/2020,Gunpowder & Sky
407,Lords of Chaos,75,253184,2/8/2020,Gunpowder & Sky
408,Bolshoi Ballet: The Nutcracker,401,252935,12/15/2020,Fathom Events
409,When Harry Met Sally...30th Anniversary,660,252320,12/1/2020,Fathom Events
410,I Got the Hook Up 2,40,252293,7/12/2020,-
411,Canal Street,73,251917,1/18/2020,-
412,Meeting Gorbachev,42,251837,5/3/2020,1091 Media
413,The Twilight Zone: A 60th Anniversary Celebration,677,248514,11/14/2020,Fathom Events
414,Doctor Who: The End of Time: Part One,745,247798,8/7/2020,Fathom Events
415,Friendsgiving Day #1,766,246168,11/24/2020,Fathom Events
416,63 Up,28,483684,11/27/2020,BritBox
417,311 Enlarged to Show Detail 3,239,238791,3/11/2020,Trafalgar Releasing
418,Give Me Liberty,18,242734,8/23/2020,Music Box Films
419,American Woman,117,236637,6/14/2020,Roadside Attractions
420,Romeo Akbar Walter,101,236299,4/5/2020,Eros International
421,Premier Boxing Champions: PBC on FOX: Spence vs. Porter,239,232973,9/28/2020,Fathom Events
422,DAZN Boxing: Canelo Alvarez vs. Daniel Jacobs,426,230703,5/4/2020,Fathom Events
423,Under the Sea 3D,108,36262926,2/13/2020,Warner Bros.
424,Mine 9,29,226421,4/12/2020,-
425,Premier Boxing Champions: PBC on FOX PPV: Pacquiao vs. Thurman,194,223858,7/20/2020,Fathom Events
426,Never Surrender: A Galaxy Quest Documentary,556,222971,11/26/2020,Fathom Events
427,First Love,40,218329,9/27/2020,Well Go USA Entertainment
428,"The Gangster, the Cop, the Devil",21,216494,6/7/2020,Well Go USA Entertainment
429,The Karate Kid2019 Re-release,588,215447,3/31/2020,Fathom Events
430,The Possession of Hannah Grace,2298,14837422,11/30/2020,Screen Gems
431,Hamlet2019 Re-release,572,214578,7/8/2020,Fathom Events
432,"Faith, Hope & Love",18,210091,3/15/2020,ArtAffects Entertainment
433,Master Z: The Ip Man Legacy,61,209454,4/12/2020,Well Go USA Entertainment
434,Kathy Griffin: A Hell of a Story,648,208907,7/31/2020,Fathom Events
435,Play the Flute,11,245943,1/28/2020,Five & Two Pictures
436,Bolshoi Ballet: Carmen Suite/Petrushka,362,207523,5/19/2020,Fathom Events
437,The Iron Orchard,42,204881,2/22/2020,-
438,Hesburgh,36,204709,4/26/2020,Music Box Films
439,Venom,4250,213515506,10/5/2020,Sony Pictures Entertainment (SPE)
440,Forrest Gump2019 Re-release,560,203088,6/23/2020,Fathom Events
441,Dabangg 3,294,202000,12/20/2020,Yash Raj Films
442,Blink of an Eye,517,201874,9/12/2020,Fathom Events
443,Friendsgiving Day #2,766,198869,11/25/2020,Fathom Events
444,Chasing the Dragon II: Wild Wild Bunch,16,196634,6/7/2020,Well Go USA Entertainment
445,Family,107,194601,4/19/2020,The Film Arcade
446,A Beautiful Planet,155,15650615,4/29/2020,IMAX
447,Heading Home: The Tale of Team Israel,7,207533,12/14/2020,Menemsha Films
448,Bolshoi Ballet: Le Corsaire,383,190192,11/17/2020,Fathom Events
449,The Divine Plan,,190031,11/6/2020,Fathom Events
450,Pagalpanti,116,423340,11/22/2020,Eros International
451,Mr. KleinRe-release,6,193028,9/6/2020,Rialto Pictures
452,42nd Street - The Musical,515,187440,5/1/2020,Fathom Events
453,The River and the Wall,57,183602,5/3/2020,Gravitas Ventures
454,To Dust,23,184495,2/8/2020,Good Deed Entertainment
455,Giant Little Ones,32,181507,3/1/2020,Vertical Entertainment
456,Raymonda: Bolshoi Ballet,383,181361,10/27/2020,Fathom Events
457,Bolshoi Ballet: Raymondadomestic,383,181361,10/27/2020,Fathom Events
458,Robin Hood,2827,30824628,11/21/2020,Lionsgate
459,The Warrior Queen of Jhansi,277,177289,11/15/2020,Roadside Attractions
460,India's Most Wanted,110,176858,5/24/2020,FIP
461,"Iyengar: The Man, Yoga, and the Student's Journey",11,176387,4/12/2020,Kino Lorber
462,Tigers Are Not Afraid2019 Re-release,19,175559,8/21/2020,Variance Films
463,Marjaavaan,65,174164,11/15/2020,Eros International
464,Ashfall,18,372562,12/19/2020,Capelight Pictures
465,Bolshoi Ballet: The Golden Age,360,171916,4/7/2020,Fathom Events
466,Nureyev: Lifting the Curtain,18,165203,4/19/2020,-
467,Frankie,117,171781,10/25/2020,Sony Pictures Classics
468,Indian Horse,9,2097362,4/13/2020,Elevation Pictures
469,Asbury Park: Riot Redemption Rock 'n Roll,270,167684,5/22/2020,Trafalgar Releasing
470,The Bad Guys: The Movie,11,166972,9/20/2020,CJ Entertainment
471,Bright Ones,614,165627,4/22/2020,Fathom Events
472,Sunset,37,164906,3/22/2020,Sony Pictures Classics
473,INXS: Baby Live at Wembly Stadium,516,161750,12/9/2020,Fathom Events
474,Monty Python's Life of Brian2019 Re-release,125,161507,4/18/2020,Trafalgar Releasing
475,"Diana Ross: Her Life, Love and Legacy",623,160968,3/26/2020,Fathom Events
476,Batman2019 Re-release,489,159419,5/4/2020,Fathom Events
477,Them That Follow,195,159218,8/2/2020,1091 Media
478,Synonyms,13,206003,10/25/2020,Kino Lorber
479,The World Before Your Feet,11,268644,11/21/2020,Greenwich Entertainment
480,Money,11,155732,3/21/2020,CJ Entertainment
481,The Death & Life of John F. Donovan,25,152713,8/23/2020,Entertainment One
482,Halston,30,151991,5/24/2020,The Orchard
483,Peterloo,92,151971,4/5/2020,Amazon Studios
484,Before You Know It,31,151507,8/30/2020,1091 Media
485,Jay Myself,17,151331,7/31/2020,Oscilloscope
486,Glory2019 Re-release,435,150801,7/21/2020,Fathom Events
487,The Samuel Project,2,161565,9/28/2020,-
488,Little Woods,33,150010,4/19/2020,Neon
489,Trial by Fire,109,148504,5/17/2020,Roadside Attractions
490,War and Peace,3,148503,2/15/2020,Janus Films
491,Dogman,12,148225,4/12/2020,Magnolia Pictures
492,Framing John DeLorean,28,145625,6/7/2020,IFC Films
493,Hampstead,18,144396,6/14/2020,IFC Films
494,Doctor Who: Logopolis,428,143248,3/13/2020,Fathom Events
495,Hubble 3D,151,52522904,3/19/2020,Warner Bros.
496,Canelo vs. Kovalev,471,140820,11/2/2020,Fathom Events
497,The Last Resort,13,158646,12/21/2020,Kino Lorber
498,Wilder vs. Ortiz,186,139207,11/23/2020,Fathom Events
499,Who Will Write Our History,6,138039,1/18/2020,Abramorama
500,Rafiki,26,137968,4/19/2020,Film Movement
501,Lynryd Skynyrd: Last of the Street Survivors Farewell Tour,,137888,11/7/2020,Fathom Events
502,The Other Story,11,135191,6/28/2020,Strand Releasing
503,Okko's Inn,465,134787,4/22/2020,GKIDS
504,Palau the Movie,135,134696,3/29/2020,Trafalgar Releasing
505,Burning,27,718991,10/26/2020,Well Go USA Entertainment
506,Made in Abyss: Journey's Dawn,573,134047,3/20/2020,Fathom Events
507,Peppa Celebrates Chinese New Year,67,131225,2/6/2020,STX Entertainment
508,Mister America,125,130897,10/9/2020,Magnolia Pictures
509,The Zoya Factor,100,128831,9/20/2020,FIP
510,Woodstock,781,126562,8/15/2020,Fathom Events
511,Paris Is Burning2019 Re-release,6,125677,6/14/2020,Janus Films
512,Lost & Found,6,125173,3/29/2020,-
513,Mary Magdalene2019 Re-release,62,124741,4/12/2020,IFC Films
514,Easy Rider2019 Re-release,252,123276,7/14/2020,Fathom Events
515,Born to Be Wild,208,25978556,4/8/2020,Warner Bros.
516,A Tuba to Cuba,16,121772,2/15/2020,Blue Fox Entertainment
517,Avant qu'on explose,35,119894,3/1/2020,Entertainment One
518,Portrait of a Lady on Fire,334,3759854,12/6/2020,Neon
519,The Fall of the American Empire,73,2178460,6/29/2020,Entertainment One
520,"Ruben Brandt, Collector2018 Re-release",43,117963,2/15/2020,Sony Pictures Classics
521,The Reports on Sarah and Saleem,11,117479,6/12/2020,Dada Films
522,Mob Psycho 100,375,115766,1/5/2020,Fathom Events
523,Police Story,7,113164,2/1/2020,Janus Films
524,Be Natural: The Untold Story of Alice Guy-Blaché,14,115804,4/19/2020,Zeitgeist Films
525,The Kingmaker,18,122587,11/8/2020,Greenwich Entertainment
526,Babylon,9,109749,3/8/2020,Kino Lorber
527,Branagh Theatre Live: The Winter's Tale,106,141143,12/4/2020,Trafalgar Releasing
528,The Audience2019 Re-release,529,106529,6/3/2020,Fathom Events
529,The Brink,124,106057,3/28/2020,Magnolia Pictures
530,"Belle and Sebastian, Friends for Life2018 Re-release",38,105890,1/25/2020,Entertainment One
531,Cold Case Hammarskjöld,15,104965,8/16/2020,Magnolia Pictures
532,Downtown 812019 Re-release,8,122390,10/25/2020,Metrograph Pictures
533,Miss & Mrs. Cops,9,104578,5/10/2020,CJ Entertainment
534,Penguin Highway,168,104567,4/12/2020,Eleven Arts
535,Anthropocene: The Human Epoch,110,104806,9/25/2020,Kino Lorber
536,The Divine Fury,23,102982,8/16/2020,Well Go USA Entertainment
537,Walking on Water,9,102140,5/17/2020,Kino Lorber
538,Mojin: The Worm Valley,17,101516,1/4/2020,Well Go USA Entertainment
539,Wonders of the Sea,266,100780,1/17/2020,Fathom Events
540,Mirai,780,812794,11/29/2020,GKIDS
541,Tazza: One-Eyed Jack,22,97655,9/20/2020,Well Go USA Entertainment
542,The Third Wife,8,84933,5/15/2020,Film Movement
543,The Song of Names,182,1077584,12/25/2020,Sony Pictures Classics
544,The Image Book,33,94153,1/25/2020,Kino Lorber
545,Margaret Atwood: Live in Cinemas,499,93690,9/10/2020,Fathom Events
546,Rojo,7,94757,7/12/2020,Distrib Films
547,Always Miss You,14,91884,5/3/2020,China Lion Film Distribution
548,Mapplethorpe,19,91002,3/1/2020,The Samuel Goldwyn Company
549,The Crossing,28,90896,3/15/2020,CMC Pictures
550,Loopers: The Caddie's Long Walk,68,90679,6/7/2020,Gravitas Ventures
551,My Dear Liar,29,90545,11/8/2020,CMC Pictures Holdings
552,A Bigger Splash2019 Re-release,11,95826,6/21/2020,Metrograph Pictures
553,Sound! Euphonium the Movie - Our Promise: A Brand New Day,445,90341,7/11/2020,Fathom Events
554,Varda by Agnès,10,160765,11/22/2020,Janus Films
555,Take Point,25,112386,12/27/2020,CJ Entertainment
556,Ramen Shop,10,88455,3/22/2020,Strand Releasing
557,The Lumber Baron,11,88336,5/24/2020,Indican Pictures
558,Jim Allison: Breakthrough,10,87984,9/27/2020,Dada Films
559,ECCO,155,86858,8/9/2020,Citadel Film Group
560,Sonchiriya,70,86765,3/1/2020,-
561,The Chambermaid,5,86422,6/28/2020,Kino Lorber
562,National Theater Live: Cyrano de Bergerac,301,86300,1/23/2020,Fathom Events
563,Mayday Life,11,85912,5/31/2020,China Lion Film Distribution
564,Skid Row Marathon,438,84997,10/14/2020,Fathom Events
565,Papi Chulo,16,84703,6/7/2020,Blue Fox Entertainment
566,Woodstock,11,84440,5/24/2020,PBS Distribution
567,Once Upon a Deadpool2018 Re-release,1566,6100309,12/12/2020,Twentieth Century Fox
568,Looking Up,13,84267,7/19/2020,China Lion Film Distribution
569,High Strung Free Dance2019 Re-release,106,83891,10/11/2020,Atlas Distribution Company
570,Ms. Purple,23,80657,9/6/2020,Oscilloscope
571,The Old Man & the Gun,1042,11277120,9/28/2020,Fox Searchlight Pictures
572,Swing Kids,21,222001,12/21/2020,Well Go USA Entertainment
573,Saint Judy,55,78935,3/1/2020,Blue Fox Entertainment
574,The Heiresses,6,78473,1/16/2020,Distrib Films
575,A Faithful Man,6,77491,7/19/2020,Kino Lorber
576,Ploey,20,77815,4/26/2020,Viva Pictures
577,Fast Colour,25,76916,4/19/2020,Lionsgate
578,Christ Stopped at Eboli,3,78736,4/3/2020,Rialto Pictures
579,Triple Threat,12,76289,3/19/2020,Well Go USA Entertainment
580,"Hale County This Morning, This Evening",8,112282,9/14/2020,The Cinema Guild
581,Savage,19,74491,5/3/2020,Well Go USA Entertainment
582,5B,128,72968,6/14/2020,-
583,Working Woman,7,64048,3/27/2020,Zeitgeist Films
584,Cliffs of Freedom,10,72476,3/1/2020,Round Hill Media
585,3 Faces,7,72324,3/8/2020,Kino Lorber
586,Storm Boy,56,71760,4/5/2020,Good Deed Entertainment
587,Free Trip to Egypt2019 Re-release,447,71087,6/12/2020,Fathom Events
588,The Battle of Jangsari,20,70853,10/4/2020,Well Go USA Entertainment
589,Styx2018 Re-release,17,70794,2/27/2020,Film Movement
590,Batman Returns2019 Re-release,507,70642,5/6/2020,Fathom Events
591,Edie,11,71790,9/6/2020,Music Box Films
592,Diamantino,5,70088,5/24/2020,Kino Lorber
593,The Body,78,68196,12/13/2020,Eros International
594,The Silence of Others,6,67986,5/8/2020,Argot Pictures
595,The Divine Move 2: The Wrathful,10,67578,11/15/2020,CJ Entertainment
596,Being Frank,13,67343,6/14/2020,The Film Arcade
597,Cunningham,23,265102,12/13/2020,Magnolia Pictures
598,This Changes Everything,367,64988,7/22/2020,Fathom Events
599,End of the Century,6,66309,8/16/2020,The Cinema Guild
600,Beautiful Boy,776,7649973,10/12/2020,Amazon Studios
601,Sauvage / Wild,7,61604,4/10/2020,Strand Releasing
602,The Mountain,15,61035,7/26/2020,Kino Lorber
603,Last Year at Marienbad2019 Re-release,5,63425,5/17/2020,Janus Films
604,By the Grace of God,11,67059,10/18/2020,Music Box Films
605,John Fogerty: 50 Year Trip - Live at Red Rocks,459,59795,11/11/2020,Fathom Events
606,Mickey and the Bear,22,57188,11/15/2020,Utopia
607,Heavy Water,284,55446,6/13/2020,Fathom Events
608,Maria By Callas,149,1267301,11/2/2020,Sony Pictures Classics
609,The Hate U Give,2375,29719483,10/5/2020,Twentieth Century Fox
610,Plácido Domingo Gala,217,52502,9/7/2020,Fathom Events
611,One Cut of the Dead,7,52406,9/13/2020,Variance Films
612,QT8: The First Eight,459,51896,10/21/2020,Fathom Events
613,Greener Grass,36,51456,10/18/2020,IFC Films
614,"Cyrano, My Love",18,351019,2/8/2020,Roadside Attractions
615,Making Waves: The Art of Cinematic Sound,11,53144,10/25/2020,Matson Films
616,Ophelia,58,50722,6/28/2020,IFC Films
617,Clinton Road,10,50400,6/14/2020,Nocturnal Features
618,"Love, Antosha",10,50168,8/2/2020,-
619,Free Trip to Egypt,5,49693,5/31/2020,-
620,The Bounty Killer,15,48815,1/25/2020,Indican Pictures
621,The Final Wish,150,25183,1/24/2020,Fathom Events
622,The Queen,7,47818,6/28/2020,Kino Lorber
623,Becoming Astrid,16,120486,11/23/2020,Music Box Films
624,Under the Silver Lake,2,46083,4/19/2020,A24
625,Sympathy for the Devil,8,51150,11/29/2020,-
626,¡He matado a mi marido!,11,45777,3/1/2020,Hammond Entertainment
627,High on the Hog,6,45696,4/19/2020,Indican Pictures
628,The Proposal,6,45149,5/24/2020,Oscilloscope
629,What Is Democracy?,6,44536,1/16/2020,Zeitgeist Films
630,Maze2019 Re-release,9,44381,3/22/2020,Lightyear Entertainment
631,American Dharma,11,51891,11/1/2020,Utopia
632,Carmine Street Guitars,5,44253,4/24/2020,Abramorama
633,The Star2019 Re-release,623,43510,12/7/2020,Sony Pictures Entertainment (SPE)
634,Fagara,13,43417,9/13/2020,China Lion Film Distribution
635,Immortal Hero,12,43007,10/18/2020,Freestyle Releasing
636,Vita & Virginia,32,42741,8/23/2020,IFC Films
637,For Sama,4,43796,7/26/2020,PBS Distribution
638,Midnight Traveler,7,41265,9/18/2020,Oscilloscope
639,Clemency,127,364716,12/27/2020,Neon
640,Charlie Says,38,40685,5/10/2020,IFC Films
641,Slut in a Good Way,7,40513,3/28/2020,Comedy Dynamics
642,Aniara,19,40124,5/17/2020,Magnolia Pictures
643,Zilla and Zoe,5,39003,5/17/2020,Indican Pictures
644,Shed of the Dead,10,38901,5/17/2020,Indican Pictures
645,The Raft,8,39678,6/7/2020,Metrograph Pictures
646,The Cave,10,62625,10/18/2020,National Geographic Entertainment
647,Batman Forever2019 Re-release,434,38014,5/12/2020,Fathom Events
648,Union,6,41656,8/2/2020,Indican Pictures
649,The Quiet One,13,37010,6/21/2020,IFC Films
650,The Death of Dick Long,30,36856,9/27/2020,A24
651,The Sower,5,36233,3/1/2020,Film Movement
652,Buñuel in the Labyrinth of the Turtles,8,36205,8/16/2020,GKIDS
653,Yardie,77,36012,3/15/2020,Rialto Pictures
654,Britt-Marie Was Here,11,36549,9/20/2020,Cohen Media Group
655,Loro,11,35613,9/20/2020,IFC Films
656,White Snake,21,34730,11/15/2020,GKIDS
657,Love Live! Sunshine!! The School Idol Movie: Over The Rainbow,30,34135,8/5/2020,FUNimation Entertainment
658,The Wild Pear Tree,5,34014,1/30/2020,The Cinema Guild
659,Killer Unicorn,5,33901,6/14/2020,Indican Pictures
660,Moonlight Sonata: Deafness in Three Movements,12,33823,9/13/2020,Abramorama
661,An Elephant Sitting Still,2,32556,3/8/2020,-
662,Knife + Heart,6,32516,3/15/2020,Altered Innocence
663,An Acceptable Loss,25,32427,1/18/2020,IFC Films
664,10E,2,32413,9/27/2020,-
665,Ága,3,35178,9/4/2020,Big World Pictures
666,Desolation Center,10,32016,9/13/2020,Matson Films
667,Gift,10,31588,10/11/2020,Matson Films
668,Buddy,4,31203,3/20/2020,Grasshopper Film
669,Horn from the Heart: The Paul Butterfield Story,2,58597,10/17/2020,Abramorama
670,Pasolini2019 Re-release,4,30757,5/10/2020,Kino Lorber
671,Space Station 3D,64,93383953,4/19/2020,IMAX
672,Sorry Angel,4,30628,2/15/2020,Strand Releasing
673,Los Reyes,4,30418,8/16/2020,Grasshopper Film
674,The Nun,5,30245,1/4/2020,Rialto Pictures
675,Deep Sea,47,46412757,3/3/2020,Warner Bros.
676,Lionel Richie at Glastonbury,288,30123,11/19/2020,Fathom Events
677,The Ground Beneath My Feet,4,29251,7/26/2020,Strand Releasing
678,Vault,2,29491,6/7/2020,-
679,Recorder: The Marion Stokes Project,5,55632,11/15/2020,Zeitgeist Films
680,Batman & Robin2019 Re-release,429,28597,5/14/2020,Fathom Events
681,In the Aisles,6,28394,6/14/2020,Music Box Films
682,Hotel by the River,4,28354,2/15/2020,The Cinema Guild
683,The Wind,30,28252,4/5/2020,IFC Films
684,The Load,2,28410,8/30/2020,Grasshopper Film
685,El Norte2019 Re-release,179,27920,9/15/2020,Fathom Events
686,Kind Hearts and Coronets2019 Re-release,3,35948,11/27/2020,Rialto Pictures
687,"Leaving Home, Coming Home: A Portrait of Robert Frank",3,27073,5/29/2020,Greenwich Entertainment
688,The Day Shall Come,30,26972,9/27/2020,IFC Films
689,Memory: The Origins of Alien,19,31378,10/4/2020,Screen Media Films
690,Wrestle,5,26597,2/22/2020,Oscilloscope
691,Donnybrook,80,26284,2/15/2020,IFC Films
692,Neither Wolf Nor Dog,1,589289,1/20/2020,-
693,Asako I & II,3,25559,5/17/2020,Grasshopper Film
694,Return of the Hero,3,37108,8/30/2020,Distrib Films
695,Invisible Life,18,146535,12/20/2020,Amazon Studios
696,Chasing Einstein,4,24057,9/13/2020,Atlas Distribution Company
697,Vox Lux,325,727119,12/7/2020,Neon
698,Piranhas,10,23494,8/2/2020,Music Box Films
699,Wildlife,105,1050616,10/19/2020,IFC Films
700,Celebration,1,22557,10/2/2020,-
701,Night School,3019,77339130,9/28/2020,Universal Pictures
702,Hyenas,4,24672,4/19/2020,Metrograph Pictures
703,Light from Light,5,24808,11/1/2020,Grasshopper Film
704,Island of Lemurs: Madagascar,302,11272213,4/4/2020,Warner Bros.
705,Jane and Emma,29,380030,10/12/2020,Excel Entertainment
706,Wicked Witches,10,21600,8/9/2020,Nocturnal Features
707,The Hole in the Ground,24,21072,3/1/2020,A24
708,Redoubt,3,33155,11/1/2020,Grasshopper Film
709,The Gospel of Eureka,3,20039,2/8/2020,Kino Lorber
710,The All Americans,5,20324,11/8/2020,Abramorama
711,Light of My Life,68,20056,8/9/2020,Saban Films
712,General Magic,5,20046,5/10/2020,Gravitas Ventures
713,The Sound of Silence,31,20013,9/13/2020,IFC Films
714,Prassthanam,32,19984,9/20/2020,-
715,The Perfect Race,2,29644,10/14/2020,Five & Two Pictures
716,Armstrong,45,19740,7/12/2020,Gravitas Ventures
717,Girls of the Sun,11,19712,4/12/2020,Cohen Media Group
718,Out of Blue,35,18779,3/22/2020,IFC Films
719,Black Mother,4,18762,3/9/2020,Grasshopper Film
720,Before Stonewall,2,18724,6/21/2020,First Run
721,The Return of Martin Guerre2019 Re-release,2,18603,7/5/2020,Cohen Media Group
722,Midnight Diner,13,18555,9/20/2020,Well Go USA Entertainment
723,"Phoenix, OregonPre-Release Tour",6,18356,5/2/2020,Joma Films
724,The Cranes Are Flying,2,17923,7/12/2020,Janus Films
725,The House That Jack Built2018 Re-release,32,87993,12/14/2020,IFC Films
726,Citizen K,15,120411,11/22/2020,Greenwich Entertainment
727,Ode to Joy,16,17303,8/9/2020,IFC Films
728,Scandalous: The True Story of the National Enquirer,13,18759,11/15/2020,Magnolia Pictures
729,Joseph Pulitzer: Voice of the People,5,16970,3/1/2020,First Run
730,Ballon,5,34222,9/6/2020,Distrib Films
731,Too Late to Die Young,4,16591,5/31/2020,-
732,Tremors,6,23911,11/29/2020,Film Movement
733,Chained for Life,3,17431,9/13/2020,Kino International
734,Three Peaks,7,16216,6/28/2020,Greenwich Entertainment
735,Virginia Minnesota,2,16118,3/1/2020,Indican Pictures
736,Piercing,18,15856,2/1/2020,Greenwich Entertainment
737,Starfish,6,15849,3/15/2020,Yellow Veil Pictures
738,Little Joe,12,23862,12/6/2020,Magnolia Pictures
739,To the Arctic 3D,52,14560838,4/20/2020,Warner Bros.
740,A Private War,865,1633208,11/2/2020,Aviron Pictures
741,Airpocalypse,21,105678,12/21/2020,China Lion Film Distribution
742,Trinity Seven The Movie 2: Heavens Library & Crimson Lord,95,15712,3/29/2020,Atlas Distribution Company
743,Midnight Family,13,42310,12/6/2020,1091 Media
744,Galapagos,14,18630372,10/29/2020,IMAX
745,Funan,5,15152,6/7/2020,GKIDS
746,El Angel,11,109608,11/9/2020,The Orchard
747,Wrinkles the Clown,21,14938,10/4/2020,Magnolia Pictures
748,ZZ Top: That Little Ol' Band from Texas,8,14879,8/19/2020,Abramorama
749,Frank and Ava,3,18829,12/7/2020,Hannover House
750,Our Time,4,14777,6/14/2020,Monument Releasing
751,The Competition2019 Re-release,7,15622,2/22/2020,Metrograph Pictures
752,Boy Erased,672,6788692,11/2/2020,Focus Features
753,Combat Obscura,11,14242,3/15/2020,Oscilloscope
754,Screwball,13,13967,3/29/2020,Greenwich Entertainment
755,Touch Me Not,1,13782,1/11/2020,Kino Lorber
756,My Son2019 Re-release,5,14450,5/10/2020,Cohen Media Group
757,This One's for the Ladies,21,13688,6/7/2020,-
758,First Man,3640,44936545,10/12/2020,Universal Pictures
759,The Cat Rescuers,3,31540,7/5/2020,Balcony Releasing
760,The House with a Clock in Its Walls,3592,68549695,9/21/2020,Universal Pictures
761,Rapid Response,10,13294,9/6/2020,Atlas Distribution Company
762,Hagazussa,14,13253,4/19/2020,Doppelganger Releasing
763,The Woman Who Loves Giraffes,22,113858,10/4/2020,Zeitgeist Films
764,Off Season,2,12544,3/15/2020,Indican Pictures
765,The White Sheik2019 re-release,3,50850,12/25/2020,Rialto Pictures
766,Journey to the South Pacific,19,7653913,11/27/2020,IMAX
767,Bricked,7,12201,1/24/2020,GathrFilms
768,Zen for Nothing,4,12107,3/29/2020,Zeitgeist Films
769,Imprisoned,2,12050,9/13/2020,Cinema Libre Studio
770,Quartet,1,12042,5/3/2020,Cohen Media Group
771,"Cassandro, The Exotico!",4,11897,7/19/2020,Film Movement
772,Liyana,4,44045,10/10/2020,Abramorama
773,The Charmer,3,26167,12/5/2020,Film Movement
774,The Disappearance of My Mother,3,24951,12/6/2020,Kino Lorber
775,Stuffed,3,15532,10/16/2020,Music Box Films
776,Vision Portraits,3,10771,8/9/2020,-
777,That Part Feeling - the Universe of Arvo Part,3,8812,6/3/2020,Film Movement
778,Between the Lines,18,15383,2/22/2020,Cohen Media Group
779,Yomeddine,4,11308,5/31/2020,Strand Releasing
780,In Like Flynn,27,11255,1/25/2020,Blue Fox Entertainment
781,Made Me Do It,2,11151,4/12/2020,Indican Pictures
782,Ferrante Fever,3,11137,3/8/2020,Greenwich Entertainment
783,I Do Not Care If We Go Down in History as Barbarians,2,11307,7/19/2020,Big World Pictures
784,Suburban Birds,3,10997,4/5/2020,The Cinema Guild
785,16 Bars,4,10985,11/8/2020,Lightyear Entertainment
786,If the Dancer Dances,6,10912,4/26/2020,Monument Releasing
787,Duet for Cannibals2019 re-release,4,12962,11/22/2020,Metrograph Pictures
788,Shooting the Mafia,3,10881,11/22/2020,Cohen Media Group
789,Angels Are Made Of Light,2,7919,7/26/2020,Grasshopper Film
790,Daughter of Mine,2,10628,2/1/2020,Strand Releasing
791,The Eyes of Orson Welles,2,10253,3/15/2020,Janus Films
792,Round of Your Life,9,20941,6/21/2020,Ammo Content
793,Around India with a Movie Camera,1,10389,11/30/2020,Icarus Films
794,Olivia,3,9934,8/16/2020,Icarus Films
795,Streetwise,1,9904,7/19/2020,Janus Films
796,Tyrel,5,21456,12/7/2020,Magnolia Pictures
797,Fritz Lang's Indian Epic2019 re-release,1,9345,9/27/2020,Film Movement
798,The Spanish Prisoner2019 Re-release,1,9589,4/26/2020,Ammo Content
799,Studio 54,14,199767,10/5/2020,Zeitgeist Films
800,When Lambs Become Lions,2,9337,11/22/2020,Oscilloscope
801,Cracked Up,1,9197,9/13/2020,Abramorama
802,Frantz Fanon: Black Skin White Mask,1,9025,3/15/2020,Film Movement
803,Colossal Youth,1,8331,8/3/2020,-
804,The Dead Center,10,8320,10/11/2020,Arrow Films
805,The Etruscan Smile2019 release,4,8213,11/8/2020,Lightyear Entertainment
806,Grass,2,8084,4/19/2020,The Cinema Guild
807,Wings of Desire2018 Re-release,4,123830,10/19/2020,Janus Films
808,This Magnificent Cake!,2,7888,3/1/2020,GKIDS
809,Ghost Fleet,7,7850,6/7/2020,Abramorama
810,The Plagiarists,1,7768,6/28/2020,-
811,Gregory's Girl,1,7710,10/4/2020,Film Movement
812,I'll Take Your Dead,5,10523,7/5/2020,Breakthrough Entertainment
813,King of Thieves,11,7518,1/25/2020,Saban Films
814,Life and Nothing More,6,24358,10/24/2020,CFI Releasing
815,Border,74,771930,10/26/2020,Neon
816,Beloved Beast,3,7301,10/11/2020,Indican Pictures
817,Rosie,2,6839,7/19/2020,Blue Fox Entertainment
818,Genesis,2,6784,8/23/2020,Film Movement
819,Going Attractions: The Definitive Story of the Movie Palace,6,6763,10/24/2020,-
820,Dying to Survive2019 Re-release,2,6752,8/9/2020,China Lion Film Distribution
821,Hollywould,2,11888,11/15/2020,Indican Pictures
822,"One Nation, One King",5,6576,2/28/2020,Distrib Films
823,"Monrovia, Indiana",14,63944,10/26/2020,Zipporah Films
824,Of Fathers and Sons,6,12579,11/16/2020,Kino Lorber
825,Under the Eiffel Tower,11,6291,2/8/2020,The Orchard
826,Patrick the Pug,100,6290,2/15/2020,-
827,To Be of Service,1,6173,11/1/2020,First Run
828,The Golden Glove,5,6160,9/27/2020,Strand Releasing
829,Relaxer,5,6133,3/29/2020,Oscilloscope
830,The Hottest August,2,9163,11/15/2020,Grasshopper Film
831,Kedarnath,113,901131,12/7/2020,-
832,The Meanest Man in Texas,3,8850,5/17/2020,Ammo Content
833,Love Goes Public,,5738,10/25/2020,Aspiration Entertainment
834,Série noire,1,5633,9/27/2020,Rialto Pictures
835,The Miracle of the Little Prince,1,5553,8/28/2020,Film Movement
836,Halloween,3990,159342015,10/19/2020,Universal Pictures
837,Spiral Farm,3,6517,12/13/2020,Indican Pictures
838,Anna and the Apocalypse,138,545597,11/30/2020,Orion Pictures
839,Chokehold,3,5200,3/1/2020,Ammo Content
840,Body at Brighton Rock,9,5123,4/26/2020,Magnolia Pictures
841,Intuitions,3,10606,10/25/2020,Indican Pictures
842,Cold Blood,25,5083,7/5/2020,Screen Media Films
843,Chulas Fronteras,1,5021,6/28/2020,Argot Pictures
844,The Garden,1,5006,5/29/2020,Kino Lorber
845,Malek,4,4898,1/18/2020,Entertainment One
846,Un traductor,2,13509,10/19/2020,Film Movement
847,Crepitus,2,4846,10/31/2020,Indican Pictures
848,Ballet Blanc,2,4832,11/8/2020,Indican Pictures
849,Kaili Blues,4,32164,5/20/2020,Grasshopper Film
850,What You Gonna Do When the World's on Fire?,1,4672,8/16/2020,-
851,Slaughterhouse Rulez,10,4665,5/17/2020,Sony Pictures Entertainment (SPE)
852,Sicilian Ghost Story,3,15285,11/30/2020,Strand Releasing
853,At War,1,4605,7/19/2020,Cinema Libre Studio
854,I'm Leaving Now,1,4488,9/6/2020,The Cinema Guild
855,SGT. Will Gardner,12,4405,1/11/2020,Cinedigm Entertainment Group
856,Tito and the Birds,6,4332,1/25/2020,Shout! Factory
857,The Fate of Lee Khan,3,4295,4/5/2020,Film Movement
858,State Like Sleep,10,4282,1/4/2020,The Orchard
859,The Gliksmans,3,5166,9/27/2020,Indican Pictures
860,La Flor,1,4032,8/9/2020,Grasshopper Film
861,Mother of a Day,1,3919,5/4/2020,Sumbadhat Productions
862,Crown Vic,1,3868,11/8/2020,Screen Media Films
863,Wallflower,7,3801,10/4/2020,-
864,The Wandering Soap Opera,2,3624,5/17/2020,The Cinema Guild
865,Rottentail,3,3383,4/12/2020,Ammo Content
866,Another Day of Life,2,3190,9/13/2020,GKIDS
867,Bauhaus Spirit: 100 Years of Bauhaus,2,17122,2/10/2020,Icarus Films
868,A Cool Fish,36,551876,11/16/2020,China Lion Film Distribution
869,Chasing Portraits,1,3076,4/26/2020,First Run
870,Filmworker,17,102609,5/11/2020,Kino Lorber
871,100 Acres of Hell,1,5152,10/11/2020,Indican Pictures
872,The Kindness of Strangers,3,2705,12/6/2020,-
873,Back to the Fatherland,1,2697,6/14/2020,First Run
874,L'héritage de la chouette,1,12316,11/9/2020,Icarus Films
875,"No Date, No Signature",3,36444,8/1/2020,Distrib Films
876,Joan the Maid 1: The Battles,1,2562,8/2/2020,Cohen Media Group
877,Chef Flynn,10,68407,11/9/2020,Kino Lorber
878,TINY: The Life of Erin Blackwell,1,2465,7/19/2020,Janus Films
879,I Lost Albert2019 Re-release,1,2354,10/4/2020,Distrib Films
880,Tea With the Dames,71,889343,9/21/2020,IFC Films
881,Iceman,7,2138,3/15/2020,Film Movement
882,Detour,1,16172,11/30/2020,Janus Films
883,Jihadists,1,2104,1/25/2020,Cinema Libre Studio
884,Divide and Conquer,16,38510,12/7/2020,Magnolia Pictures
885,A German Youth,1,2343,10/11/2020,Big World Pictures
886,A Fish in the Bathtub2019 re-release,3,1826,11/8/2020,Cohen Media Group
887,Division 19,10,1699,4/5/2020,-
888,Little Q,1,1652,12/6/2020,Well Go USA Entertainment
889,Game Day,4,1624,10/4/2020,Ammo Content
890,For Those Who Don't Read Me,6,36506,11/23/2020,Entertainment One
891,American Playhouse: The Killing Floor,1,1583,11/22/2020,Film Movement
892,Indivisible,830,3511417,10/26/2020,Pure Flix Entertainment
893,Serendipity,2,2298,10/18/2020,Cohen Media Group
894,Owaranai hito: Miyazaki Hayao,377,187320,12/13/2020,GKIDS
895,The Hours and Times,1,1273,3/1/2020,Oscilloscope
896,Chinese Portrait,2,4140,12/13/2020,The Cinema Guild
897,Narcissister Organ Player,4,15334,11/7/2020,Film Movement
898,The Untold Story,1,790,1/18/2020,Ammo Content
899,Senso,2,27723,10/26/2020,Rialto Pictures
900,Swimming with Men,31,24708,12/7/2020,IFC Films
901,Sgt. Stubby: An American Hero,1633,4015935,4/13/2020,-
902,I Am Not A Witch,8,50868,9/7/2020,Film Movement
903,A Breath Away,12,77987,8/10/2020,Entertainment One
904,In Safe Hands,1,1737,7/26/2020,Distrib Films
905,Henchmen,3,1469,12/7/2020,Entertainment One
906,1945,19,1006193,11/1/2020,Menemsha Films
907,Tall Tales from the Magical Garden of Antoon Krings2018 Re-release,20,220,1/11/2020,Viva Pictures
908,Over the Limit,2,3243,10/12/2020,Film Movement
909,Postcards from London,1,5312,11/9/2020,Strand Releasing
